원래,진보,교육감,독일,북유럽,대학,진학,세계,여행,홍보,부모,교육,시간,제일,앞장,사람,중앙대,누리,교수
중앙대,극영화,출신,연극,활동,이력,배우,편의,한국영,출연,부당거래,경찰청장,찌마,악인,지옥,급행열차,타라,무기,개발,박사
초청,학교,발표,지원,모든,대학교,감사,올해,얼마나,작품,여러분,모두,기대
회사,임원,명,이재명,중앙대,동문,급등
왜,중앙대,법대,사진,운동화,브랜드
중앙대,목표,고딩,진입,장벽,수준,불도,바로,소통,완전,지금,트친,이상,저기,요즘
중앙대,의대,이준서,손정민,친구,아버지,출처,은밀,블로그
중앙대,병원,코로나,진자,발생,출입,통제,종합,출처,연합뉴스,네이버,뉴스
중앙대,병원,입원,병동,코로나,진자,발생
혼자,중앙대,출신,학교,출신,무엇,아버지,사망,원인,휴대폰,마음,한강,의대
헐퀴,왓챠,나비,대미
나비,제,순이,기억,욧,오후,감사
왓챠,나비,영화
나비,출산,코앞,내일,입원,수고,자신
에이,대답,나비,편이
위안부,후원,팔찌,아이디,어스,친구,생선,구입,나비,하나,오늘,춘천
남도,타임,뉴스,함평군,민주화,운동,영령,추모,마리,나비
왜,편,그냥,나비,선택,나야,나비야
정원사,나비,처럼,대충,역할,치자,얼굴,사람,사람
손가락,뭐,겉모습,정도,납득,나비,효과,마음
팀뷰어,환영,나비
나비,멸망
나비,보벳
나비
꼬등어,공식,네이버,포스트,오픈,웹툰,꼬등어,연재,보자꼬,매력,매기,나비,씨,인간,탕,성장기,보라
세멜레,공략,러닝,스,리쿠,생각,토모,나비,아기,노말,치자,자세
나비,나나,나빌레,바람,바람,불어,나
고민,세트,포인트,김연주,나비,김연주,소녀왕,합계,예상,페이,이벤트,댓글,이벤트
나비
팔로우,리트윗,추첨,통해,아래,나비,도안,무료,진행,작업,인스타그램,확인,해쥬세,컬러,변경,가능,센치
핸드,아티,코리아,자투리,마켓,시작,작가,벌꿀,나비,마쉬,장소,수원역,출구,기간,일
나비,왜,어휘,따름
오늘,나비,저리,힛,전체,보고
휘혈,나비,티콘
행복,나비,당신,잡,곳,당신,나다니엘,호손
조선,판타지,괴물,추리,게임,청구야담,팔도,견문,텀블벅,근래,보기,조선시대,한국,통설,제대로,고증,추리,게임,펀딩,나비,처럼
나비,장면,미애,폴더,에피소드,장면,는걸,기억
여자,아이,우기,시즌,그리팅,기본,포카,특전,교환,우기,수진,미연,민니,소연,슈화,미연,라스트,댄스,공포,불,마뮤테,나비,수진,럭키,포카,시즌
런쥔,모습,나비
나비,동원,한번
나비
나비,피드백,곧,화가
아토,페토,멜로,봄바람,타고,꿀벌,나비,마쉬,핸드,아티,코리아,자투리,마켓,아토,페토,부스,오전
나비,현생
더,하이,화판,세월,무상,나이,원래,우스,나비,못,역,해밀턴,아들,연기,실제,더,하이,뮤지컬,우스
수원,수원,벌꿀,소개,작가,마쉬,벌꿀,마쉬,나비,마쉬,벌꿀,페토,이름,토비,페토,핸드,아티,코리아,자투리,마켓
나비
모두,익명,질문,모집,최근,답변,질문,스포,오브,나즁,행앗,진짜,무슨,나비,오브
함평군,민주화,운동,영령,추모,마리,나비
나비
사고,젤,나비,나비,얼굴,즐거움,고치,집사,후회
나비,데이지
고성군,고성,나비,마켓,운영
나비,뾰로롱
버터플라이,아이유,말씀,다른,다시,나비,나,나비,요로,방탄,버터플라이,생각
함평군,민주화,운동,영령,추모,마리,나비,출처,강산,뉴스,블로그
나비
인간,나비,둥이
노력,보람,사람,플라스틱,꽃나무,나비,사람과,출처,톡톡,힐링,네이버,블로그
함평군,민주화,운동,영령,추모,마리,나비
리쿠,모습,토모,우리,중,누군가,잘못,각자,영역,하자,나비,이임
화장실,비즈,반지,깜빡,다시,새,누가,는데,나비,반지
나비,마망
흐악,휘혈,나비,티콘
나뭇잎,나비,비상,어머니,아기,하트,너구리,모빌
나비
점심,나비,조금,간다
나비,하나
어제,나비,며칠,어제,밥그릇,냄새,보고,시무,자발,캔따개
나비,사람,저희,나비
토모,성사,저,가장,토모,비밀,설정,나비,사랑,리쿠,때매,나비,사랑,리쿠,토모,비설,때문,나비,사랑
나비
애벌레,세상,생각,순간,나비,속담
나비,하나,우화
세상,껍데기,저,나비,추장,모두,알몸,세상,마,제발,집,윤도현
사실,나비,상위호환,정도
장종,박,회선,이수용,이완,정상,안우석,최기훈,윤난영,박의,도,윤정,곽현혜,허형,최미연,최유리,강승규,정승우,윤준,김다혜,나비,강성진,박주영,기호,김한얼,박서현
정원사,나비,더,위해,존재,이유
나비,다시,슙니
안잌,진짜,시험,다,노래방,나비,애기,오타쿠,오늘,웁니
시발,나비,애비,때문,우리,나비,오열,애비,나비,보미
인간,위해,나비,글쎄,때,걸,주기,위해,인간,필요
나비
나비,휘혈,임티,나비
누님,나비
자매,나비,사랑,울,비밀
타래,노리개,마켓,분홍,나비,노리개,꽃빛,물든,나비,타래,상점
자기,토모,갑자기,고민,나비,지금,정말,듣기,생글생글,수영복
불꽃,나비
쥬벨언,그거,언니,눈,마치,보석,그,머릿결,마치,파도,바다,피부
간만,나비,번데기,근황,먼저,번데기,점점,나비,형상
눈물,버튼,모든,카이,애정,나비,종이니,보고,생각,오히려,종인,위로,거지,종이니
생각,님,꽃잎,다시,걸,어디,나그네,어디,나비,꽃잎
드레스,조합,그,꽃잎,베일,감,미인,최고,속눈썹,나비,날갯짓,바람,구름,겹겹,드레스,보석,견주어,나,외모
정말,최고,이애,동뇽,취향,박아,그때,시절,노래,최고,노랜데,상황,매치,거,나비,이제,작업,시작,거지
정원,위해,나비,정원,트릴,나,어쨌거,너,훨훨,꽃,꽃,운명,운명,라면
사장,나비,맥주,핸드,포크,작업
왕나비,나비,제왕
아침,산책길,만난,레드,나비,꽃,노랑,노랑,버터
진짜,이,그냥,나비,기준,잡고,패치
타래,노리개,마켓,금빛,나비,노리개,금빛,날개,꽃,타래,상점
나비,키스,캐붕,어째,분위기,대마,트친,일단,고민
당신,천사,나비
결말,생각,나비,황제,새장,겨울,해피엔딩,생각
옛날,스토리,눈,나비,황제,나비,몸,황제,나비,서로,관계,사랑
감히,나비
정원사,나비
마리,나비,지민,열툽
위해,존재,나비,인간,위해,운명,누구,네
사정,나비
나비,나비,강아지,사진,어디
손가락,나비,불어,꽃잎
혹시,나비,조금,관심,생각
나비,사랑,오늘,하루,고생,정말,오늘,언제,어리광,나비
필연,나비,이지
나비,정원,위,생일,사람,적,사람
발발,나비,근처,중,보이,힐링
진도,케이크,버스,냥,거리,청춘,유,혐관,맥스,구루,화풍,적폐,동물,유도,의미,불명
나비,새끼,린
우견,나비
나비,실핀,영상,레진,고정,글루건,더,구성
나비,실핀,무게,착용,부담,영상,타래
버터플라이,송포유,의상,드레스,계열,진짜,나비,가나,당황
우리,진화,단계,다가,갈수록,에고,기능,장애,더욱,애벌레,나비,탈바꿈,직전,기능,장애,상태
호러,나비
부분,더빙,만약,후원,달성,전체,더빙,학생,나비,탕진,용돈
오늘,공연,나비,금붕어
나비,전격,영화,구라,관계,뭔가,젤,관계,두루뭉술,꽁꽁,판타지,묘미,다음,질문,상자
나비,주인,얼른,나비
나비,주인
콤보,나비,모양,염두
나비
지금,게머,건가,아기,큰일,지금,일상,어디,가야,계속,토모,자기,중심
부엉이,나비,고래,야생,걸,판박이,사서
라이브,방송,한복,가슴,나비,마리
마음,나비,장식,나비,생각,투톤,재질,리본,작약,나비
굳이,해양,생물,나방,요,나비,다른,매력,얼굴
떡,저랍니,나비
나비
나비
첫사랑,나비
라이브,나,나비,주년,기념,타이틀곡,나비
빈티,나비,진짜,별로,생각,햇느,여기,부터,소름,나비,사고,귀걸이,나비,에어팟,케이스,나비,정작,나비,정말,줏대
거,이제,나비,퉆엪,진짜,일이,뽀담뽀담
만삭,나비,방탄,얼굴,태교,형,출처,엑스포츠,뉴스,네이버,연예,방탄소년단
만삭,나비,방탄소년단,얼굴,태교,형,출처,헤럴드,네이버,연예,방탄소년단
나비,근래,가장,보임,조금,민망
여자,아이,우기,포카,양도,교환,교환,모든,수진,민니,소연,슈화,미연,라스트,댄스,공포,불,마뮤테,나비,수진,럭키,포카,시즌,그리팅,특전,일반
이제,출근,회사,나비
나비,그녀,나비
간단,일러스트,연습장,사자,호랑이,나비,소방차,엄마,아빠,아이,그림,달라,그림,자신,엄마,고요
행복,나비,당신,잡,곳,당신,나다니엘,호손
애벌레,세상,생각,순간,나비
상징,때,개인,나비,바로
나비,생각
일,천재,재질,정진,노력,성공,세월,씨,씨,쭉정이,정성껏,나비,학자,석주명,선생
나비,행시,비,방탄
장종,박,회선,정상,이수용,이완,안우석,최기훈,윤난영,박의,도,윤정,곽현혜,허형,최미연,최유리,강승규,정승우,윤준,김다혜,나비,강성진,박주영,기호,김한얼,박서현
시작,예준,사회,거,좀,나은,사람,지금,다큐,작업,제겐,비비안,전주,국제,영화제,화제,다큐,길,두
만청,무슨,사연,처음,오리,새끼,나비,왜
난,난,존재,난,나비
카푸,나비,끝판
이또,리가,어버이날,나비
나비
왕나비,미국
나비,나비,나리꽃,발색
이번,진짜,레전드,항상,여유,생각,연습,모습,진짜,모습,한번,후,나비,여신,진짜,자체,주접
허리,뒤쪽,나비
나비,자체
나비,의상
나비,의상
나비,나비
나비,선생
나비
사이트,텔레,그램,카카오,어깨,보랏빛,나비,키스
샛별,포돌,진짜,나비,디아,라면,기겁
나비,눈
나비,맘,그냥,가방,나비,진작,말,주문,무슨,식,에이
왕나비,시조새,검독수리,물총새,루고,날치,하늘,씨앗,부메랑,드래건,다트,클렘
요셉,곧,므낫세,수시,아들,민,파,말리,아들,이요,아셀,미가,아들,스둘이,납달
주님,나비,저택,아크릴,구한,애
나비,나비,나비,나비
토모,나비,이해,알
애벌레,세상,생각,순간,나비,속담
티저,얼굴,나비,진짜,나비,가짜,진짜,기겁
성사,탐라,반응,나비,자컾,성사,사람,나비,사랑,마지막,자컾,성사,사람,나비,사랑,신기
주보,배경,파악,마무리,재물,증오,동기부여,원망,대상자,조호,이산,오지,나비,고릴라,계백,여신,인하,남신,추이,시실리,단합,이이,제이,선봉,일기토,지형,상황,전환,살
나비,마리
나비
나비,로
목련,나비,그린,울,학교,주제,공모전,작품,미완,교화,목련,그리기,목련,최대한,학교,느낌
나비,나비
성제,기존,캐릭터,고딩,닌자,이츠키,인기,나비,유파,왤케,고딩,핸드,아웃,고등학생,고딩
작일,살이,연상,앤캐,혼란,나비
동안,백목련,나비,스케치,선,저장,화질,다시,일러스트,진짜
칼,성격,테스트,아들,탄지,나머지,쵸우,노부,우리,나비,저택
나방,타투,나비
머리모양,배경,보라색,저고리,나비,색감,보기
나비,보고,처음
국민,나비
무속,나비,무속,달콩,추가,헤어,포함,택포,사진,그대로,가요,즉입,무속,성인,무속,솜깅,센치,현물

불나비,예약,가능,도안
나비,나나,나빌레,바람,바람,불어,나
제비나비,잡고,나비
나비,누나,파일,조금
나비,포이베,베이직,세트,착용,보관,주름,존재,퍼스트,수령,부터,천연,소재,원단,중간,중간,갈색,조그만,저,무딘,편이
나비
곤충,생태,나비,의,기승,방탄,정도,중병,나비
나비
가챠,함,설계,밀리,시타,전용,문구,무지개,나비,실루엣,그,순간,방돌,등등,전용,대사,한마디,일러스
나비,누가,폭풍,언덕,취향,제인,에어
조각,나비
나비,소비
아뇨,제,마디,누군가,안,그냥,고민,오지랖,허세,가득,트윗,나비,고민,단계,발자국
나장,마리,나비,장이지,미정,나비,나장,아빠,엄마,제각기,호칭,나비,언어,나장
허수,나비,결정,조합,씨피
허수,제곱,나비
나비,아비
나비
나비,타투
아아,아유,인분,마을,사람,카인,커마,걔,얼굴,모험,나비
동경도,허수아비,라면,지혜,본능,선행,나비,어디,위치,때문,진즉,나장,포기,거지
나비,행시,비,방탄
나비,소녀,피터팬
꾹,수정,나비,증발
경기,도민,신문,수원시,수원시,호공,꼬리,나비,생태,정원,조성
피티,나비
나비,방생
나비,신발,장식
나비,텀블벅,후원,결제,이유
간단,종이접기,대백,메뚜기,애벌레,나비,매미,풍뎅이,반딧불,사슴벌레,장수풍뎅이,잠자리,달팽이,무당벌레
범죄심리학,인간,나비,채집,표구,듯이,극악,무도,범죄자,쏙쏙,인간,집단,전체,일반,위협,소수
나비,토크,티엠,아이,피터,이야기,보고
나비,가야,하나요
물길,나비,마리
김추자,나비,미련
호옥시,키티,소형,라벤더,꼬리,여우,인형,파자마,나이트,쿠로,인형,키티,나비,스트랩,교환,요,시세,일단,시세
픽시,첫,콘셉트,영상,공개,나비,요정,이야기
나비,인간,프로그램,사랑,친구,종이,인형,사랑,사람,끼리,취미,생활,향유,의문,나비
신상,나비,부엉이,추천,가격,비교,랭킹,가성,상품
나비,하트,진짜
나비,짐
현재,나비,애벌레,근황,번데기,완전,변태,애벌레,소화기관,호흡기관,생명,유지,필수,기관,제외,자신,모든,신체,번데기,성충
행복,나비,당신,잡,곳,당신,나다니엘,호손
나비,무늬,다크,맘보,왼쪽,초록,잎꼬,이름
연세,불구,작가,시장,어찌,우리,문제점,다시,한번,고찰,주신,황큐태,선생님,나비,미술관,전시
나비,저택,진짜,엉엉,얼릉,존,배치
가짜,진짜,행세,진짜,구실,수국,꽃,사실,진짜,뒤,조그만,가짜,벌,나비,유혹
가상,공간,연,나비,미술관,전시,기획,최근,주목,메타,버스,공간,전시,아트,긍정,미래,전망,금전,가치나,인기
애벌레,세상,생각,순간,나비,속담
나비
우리,나비,나무,공주
리즈,피어싱,위치,나비,피어싱,발견,싶슴댜
당신,발작,시간,나비,용서,바라지,이번,마음,정처,얻지,것이므,나비,당신,사이,창궐,층계,실패,전부,나비,운용
나비,처음,고양이,힌색,주황색,얼룩,길고양이,코리안,숏헤어,최고
잠깐,우리,세계,어디,팽창,당황,나비,구루,언제,얼추,갑자기,생각
나비,가슴
나비,날,기억,왜곡,상상,사연,실제,장면,사연,턱선,달라,후덕
나비
우리,시간,자꾸만,북극,질주,비로소,수면,위로,달이,방해,날갯짓,나비,온기,비행,정말,환영,김하늘,북극,나비
요즘,번장,스타,회지,번장,앙스테,스타,드림,라이브,체크,슈트,셋업,로리타,양복,베이비,리즈,리사,원피스,안나,수이,나비,반지,로코코,새틴,보석,슈즈,샤넬,코스
나비,소녀,웬디,신데렐라,팅커벨,거지
오늘,배,실물,볼때,지영철,나비,휘혈,인형
흑슈,화이팅,나비,흑마
나비,진짜,천재,연성
나비,치명
엽귀,둘이넹,이제,결말,우리,생각
나비,모든,사람,시작,세상,하스바,닌자,주제
오히려,하스바,닌자,관련,이면,이건,나비,하스바,굴,지식,백과사전
광기,토,요새,이건,나비,사람,대한,평가,편이
헤헤,나비
게다가,아내,자식,남자,나라,세금,나비,프로젝트
왕나비,시조새,검독수리,물총새,루고,날치,하늘,씨앗,부메랑,드래건,다트,클렘
라이브,나,나비,주년,기념,타이틀곡,나비
나,주변,나비,온갖,벌레,스트레스,이,또한,일이,생각,나비
후훗,과연,파란,나비,에브릿,소문,그냥,숲속,인어,베닐리,보고,안추웡
애벌레,세상,생각,순간,나비,속담
나비
일본,전세계,화제,우에다,이치로,독립영화,카메라,프랑스,명칭,리메이크
나비,튤립,이송
라넌큘러스,나비,나머지,작품,완성,응원
영상,나비,노래,무슨,일이
